Product_ID,Constraint_Type,Week_Original,Capacity_Value
Total,Available Capacity,WW_09,11037.0
21A,Available Capacity,WW_09,5155.0
22B,Available Capacity,WW_09,4000.0
23C,Available Capacity,WW_09,1882.0
Total,Available Capacity,WW_10,10791.0
21A,Available Capacity,WW_10,5258.0
22B,Available Capacity,WW_10,4000.0
23C,Available Capacity,WW_10,1533.0
Total,Available Capacity,WW_11,10265.0
21A,Available Capacity,WW_11,5182.0
22B,Available Capacity,WW_11,4000.0
23C,Available Capacity,WW_11,1083.0
Total,Available Capacity,WW_12,10223.0
21A,Available Capacity,WW_12,4840.0
22B,Available Capacity,WW_12,4000.0
23C,Available Capacity,WW_12,1383.0
Total,Available Capacity,WW_13,10181.0
21A,Available Capacity,WW_13,4890.0
22B,Available Capacity,WW_13,4000.0
23C,Available Capacity,WW_13,1291.0
Total,Available Capacity,WW_14,11248.0
21A,Available Capacity,WW_14,4830.0
22B,Available Capacity,WW_14,4016.0
23C,Available Capacity,WW_14,2402.0
Total,Available Capacity,WW_15,12023.0
21A,Available Capacity,WW_15,4230.0
22B,Available Capacity,WW_15,4316.0
23C,Available Capacity,WW_15,3477.0
Total,Available Capacity,WW_16,12066.0
21A,Available Capacity,WW_16,4373.0
22B,Available Capacity,WW_16,4416.0
23C,Available Capacity,WW_16,3277.0
Total,Available Capacity,WW_17,12066.0
21A,Available Capacity,WW_17,4000.0
22B,Available Capacity,WW_17,4545.0
23C,Available Capacity,WW_17,3521.0
Total,Available Capacity,WW_18,11153.0
21A,Available Capacity,WW_18,4000.0
22B,Available Capacity,WW_18,4000.0
23C,Available Capacity,WW_18,3153.0
Total,Available Capacity,WW_19,10503.0
21A,Available Capacity,WW_19,4000.0
22B,Available Capacity,WW_19,4000.0
23C,Available Capacity,WW_19,2503.0
Total,Available Capacity,WW_20,10754.0
21A,Available Capacity,WW_20,4000.0
22B,Available Capacity,WW_20,4000.0
23C,Available Capacity,WW_20,2754.0
Total,Available Capacity,WW_21,13437.0
21A,Available Capacity,WW_21,4000.0
22B,Available Capacity,WW_21,4000.0
23C,Available Capacity,WW_21,5437.0
Total,Available Capacity,WW_22,10800.0
21A,Available Capacity,WW_22,4000.0
22B,Available Capacity,WW_22,4000.0
23C,Available Capacity,WW_22,2800.0
Total,Available Capacity,WW_23,11600.0
21A,Available Capacity,WW_23,4000.0
22B,Available Capacity,WW_23,4000.0
23C,Available Capacity,WW_23,3600.0
Total,Available Capacity,WW_24,12400.0
21A,Available Capacity,WW_24,4000.0
22B,Available Capacity,WW_24,4000.0
23C,Available Capacity,WW_24,4400.0
Total,Available Capacity,WW_25,12700.0
21A,Available Capacity,WW_25,4130.0
22B,Available Capacity,WW_25,4000.0
23C,Available Capacity,WW_25,4570.0
Total,Available Capacity,WW_26,12648.0
21A,Available Capacity,WW_26,4930.0
22B,Available Capacity,WW_26,4000.0
23C,Available Capacity,WW_26,3718.0
Total,Available Capacity,WW_27,12069.0
21A,Available Capacity,WW_27,4900.0
22B,Available Capacity,WW_27,4000.0
23C,Available Capacity,WW_27,3169.0
Total,Available Capacity,WW_28,12501.0
21A,Available Capacity,WW_28,4000.0
22B,Available Capacity,WW_28,4000.0
23C,Available Capacity,WW_28,4501.0
Total,Available Capacity,WW_29,12700.0
21A,Available Capacity,WW_29,4000.0
22B,Available Capacity,WW_29,4000.0
23C,Available Capacity,WW_29,4700.0
Total,Available Capacity,WW_30,12700.0
21A,Available Capacity,WW_30,4000.0
22B,Available Capacity,WW_30,4000.0
23C,Available Capacity,WW_30,4700.0
Total,Available Capacity,WW_31,12700.0
21A,Available Capacity,WW_31,4000.0
22B,Available Capacity,WW_31,4000.0
23C,Available Capacity,WW_31,4700.0
Total,Available Capacity,WW_32,12700.0
21A,Available Capacity,WW_32,4000.0
22B,Available Capacity,WW_32,4000.0
23C,Available Capacity,WW_32,4700.0
Total,Available Capacity,WW_33,12700.0
21A,Available Capacity,WW_33,4000.0
22B,Available Capacity,WW_33,4000.0
23C,Available Capacity,WW_33,4700.0
Total,Available Capacity,WW_34,12700.0
21A,Available Capacity,WW_34,4000.0
22B,Available Capacity,WW_34,4000.0
23C,Available Capacity,WW_34,4700.0
Total,Available Capacity,WW_35,12700.0
21A,Available Capacity,WW_35,5000.0
22B,Available Capacity,WW_35,4000.0
23C,Available Capacity,WW_35,3700.0
Total,Available Capacity,WW_36,12700.0
21A,Available Capacity,WW_36,5000.0
22B,Available Capacity,WW_36,4000.0
23C,Available Capacity,WW_36,3700.0
Total,Available Capacity,WW_37,12700.0
21A,Available Capacity,WW_37,5000.0
22B,Available Capacity,WW_37,4000.0
23C,Available Capacity,WW_37,3700.0
Total,Available Capacity,WW_38,12700.0
21A,Available Capacity,WW_38,5000.0
22B,Available Capacity,WW_38,4000.0
23C,Available Capacity,WW_38,3700.0
Total,Available Capacity,WW_39,12700.0
21A,Available Capacity,WW_39,5000.0
22B,Available Capacity,WW_39,4000.0
23C,Available Capacity,WW_39,3700.0
Total,Available Capacity,WW_40,12700.0
21A,Available Capacity,WW_40,5000.0
22B,Available Capacity,WW_40,4000.0
23C,Available Capacity,WW_40,3700.0
Total,Available Capacity,WW_41,12700.0
21A,Available Capacity,WW_41,5000.0
22B,Available Capacity,WW_41,4000.0
23C,Available Capacity,WW_41,3700.0
Total,Available Capacity,WW_42,12700.0
21A,Available Capacity,WW_42,5000.0
22B,Available Capacity,WW_42,4000.0
23C,Available Capacity,WW_42,3700.0
Total,Available Capacity,WW_43,12700.0
21A,Available Capacity,WW_43,5000.0
22B,Available Capacity,WW_43,4000.0
23C,Available Capacity,WW_43,3700.0
Total,Available Capacity,WW_44,12700.0
21A,Available Capacity,WW_44,5000.0
22B,Available Capacity,WW_44,4000.0
23C,Available Capacity,WW_44,3700.0
Total,Available Capacity,WW_45,12700.0
21A,Available Capacity,WW_45,5000.0
22B,Available Capacity,WW_45,4000.0
23C,Available Capacity,WW_45,3700.0
Total,Available Capacity,WW_46,12700.0
21A,Available Capacity,WW_46,5000.0
22B,Available Capacity,WW_46,4000.0
23C,Available Capacity,WW_46,3700.0
Total,Available Capacity,WW_47,12700.0
21A,Available Capacity,WW_47,5000.0
22B,Available Capacity,WW_47,4000.0
23C,Available Capacity,WW_47,3700.0
Total,Available Capacity,WW_48,12500.0
21A,Available Capacity,WW_48,5000.0
22B,Available Capacity,WW_48,4000.0
23C,Available Capacity,WW_48,3500.0
Total,Available Capacity,WW_49,12500.0
21A,Available Capacity,WW_49,5000.0
22B,Available Capacity,WW_49,4000.0
23C,Available Capacity,WW_49,3500.0
Total,Available Capacity,WW_50,12500.0
21A,Available Capacity,WW_50,5000.0
22B,Available Capacity,WW_50,4000.0
23C,Available Capacity,WW_50,3500.0
Total,Available Capacity,WW_51,12500.0
21A,Available Capacity,WW_51,5000.0
22B,Available Capacity,WW_51,4000.0
23C,Available Capacity,WW_51,3500.0
Total,Available Capacity,WW_52,12500.0
21A,Available Capacity,WW_52,5000.0
22B,Available Capacity,WW_52,4000.0
23C,Available Capacity,WW_52,3500.0
Total,Available Capacity,WW_01,12500.0
21A,Available Capacity,WW_01,5000.0
22B,Available Capacity,WW_01,4000.0
23C,Available Capacity,WW_01,3500.0
Total,Available Capacity,WW_02,12500.0
21A,Available Capacity,WW_02,5000.0
22B,Available Capacity,WW_02,4000.0
23C,Available Capacity,WW_02,3500.0
Total,Available Capacity,WW_03,12500.0
21A,Available Capacity,WW_03,5000.0
22B,Available Capacity,WW_03,4000.0
23C,Available Capacity,WW_03,3500.0
Total,Available Capacity,WW_04,12500.0
21A,Available Capacity,WW_04,5000.0
22B,Available Capacity,WW_04,4000.0
23C,Available Capacity,WW_04,3500.0
Total,Available Capacity,WW_05,12500.0
21A,Available Capacity,WW_05,5000.0
22B,Available Capacity,WW_05,4000.0
23C,Available Capacity,WW_05,3500.0
Total,Available Capacity,WW_06,12500.0
21A,Available Capacity,WW_06,5000.0
22B,Available Capacity,WW_06,4000.0
23C,Available Capacity,WW_06,3500.0
Total,Available Capacity,WW_07,12500.0
21A,Available Capacity,WW_07,5000.0
22B,Available Capacity,WW_07,4000.0
23C,Available Capacity,WW_07,3500.0
Total,Available Capacity,WW_08,12500.0
21A,Available Capacity,WW_08,5000.0
22B,Available Capacity,WW_08,4000.0
23C,Available Capacity,WW_08,3500.0
Total,Available Capacity,WW_09.1,12500.0
21A,Available Capacity,WW_09.1,5000.0
22B,Available Capacity,WW_09.1,2500.0
23C,Available Capacity,WW_09.1,5000.0
Total,Available Capacity,WW_10.1,12500.0
21A,Available Capacity,WW_10.1,5000.0
22B,Available Capacity,WW_10.1,2500.0
23C,Available Capacity,WW_10.1,5000.0
Total,Available Capacity,WW_11.1,12500.0
21A,Available Capacity,WW_11.1,5000.0
22B,Available Capacity,WW_11.1,2500.0
23C,Available Capacity,WW_11.1,5000.0
Total,Available Capacity,WW_12.1,12500.0
21A,Available Capacity,WW_12.1,5000.0
22B,Available Capacity,WW_12.1,2500.0
23C,Available Capacity,WW_12.1,5000.0
Total,Available Capacity,WW_13.1,12500.0
21A,Available Capacity,WW_13.1,5000.0
22B,Available Capacity,WW_13.1,2500.0
23C,Available Capacity,WW_13.1,5000.0
Total,Available Capacity,WW_14.1,12300.0
21A,Available Capacity,WW_14.1,5000.0
22B,Available Capacity,WW_14.1,2500.0
23C,Available Capacity,WW_14.1,4800.0
Total,Available Capacity,WW_15.1,12300.0
21A,Available Capacity,WW_15.1,5000.0
22B,Available Capacity,WW_15.1,2500.0
23C,Available Capacity,WW_15.1,4800.0
Total,Available Capacity,WW_16.1,12300.0
21A,Available Capacity,WW_16.1,5000.0
22B,Available Capacity,WW_16.1,2500.0
23C,Available Capacity,WW_16.1,4800.0
Total,Available Capacity,WW_17.1,12160.0
21A,Available Capacity,WW_17.1,5000.0
22B,Available Capacity,WW_17.1,2500.0
23C,Available Capacity,WW_17.1,4660.0
Total,Available Capacity,WW_18.1,11610.0
21A,Available Capacity,WW_18.1,5000.0
22B,Available Capacity,WW_18.1,2500.0
23C,Available Capacity,WW_18.1,4110.0
Total,Available Capacity,WW_19.1,11505.0
21A,Available Capacity,WW_19.1,5000.0
22B,Available Capacity,WW_19.1,2500.0
23C,Available Capacity,WW_19.1,4005.0
Total,Available Capacity,WW_20.1,10860.0
21A,Available Capacity,WW_20.1,5000.0
22B,Available Capacity,WW_20.1,2500.0
23C,Available Capacity,WW_20.1,3360.0
Total,Available Capacity,WW_21.1,10355.0
21A,Available Capacity,WW_21.1,5000.0
22B,Available Capacity,WW_21.1,2500.0
23C,Available Capacity,WW_21.1,2855.0
Total,Available Capacity,WW_22.1,9805.0
21A,Available Capacity,WW_22.1,5000.0
22B,Available Capacity,WW_22.1,2500.0
23C,Available Capacity,WW_22.1,2305.0
Total,Available Capacity,WW_23.1,9260.0
21A,Available Capacity,WW_23.1,5000.0
22B,Available Capacity,WW_23.1,2500.0
23C,Available Capacity,WW_23.1,1760.0
Total,Available Capacity,WW_24.1,8745.0
21A,Available Capacity,WW_24.1,5000.0
22B,Available Capacity,WW_24.1,2500.0
23C,Available Capacity,WW_24.1,1245.0
Total,Available Capacity,WW_25.1,8697.0
21A,Available Capacity,WW_25.1,5000.0
22B,Available Capacity,WW_25.1,2500.0
23C,Available Capacity,WW_25.1,1197.0
Total,Available Capacity,WW_26.1,8617.0
21A,Available Capacity,WW_26.1,5000.0
22B,Available Capacity,WW_26.1,2500.0
23C,Available Capacity,WW_26.1,1117.0
Total,Available Capacity,WW_27.1,8070.0
21A,Available Capacity,WW_27.1,5000.0
22B,Available Capacity,WW_27.1,2500.0
23C,Available Capacity,WW_27.1,570.0
Total,Available Capacity,WW_28.1,8000.0
21A,Available Capacity,WW_28.1,5000.0
22B,Available Capacity,WW_28.1,2500.0
23C,Available Capacity,WW_28.1,500.0
Total,Available Capacity,WW_29.1,8000.0
21A,Available Capacity,WW_29.1,5000.0
22B,Available Capacity,WW_29.1,2500.0
23C,Available Capacity,WW_29.1,500.0
Total,Available Capacity,WW_30.1,8000.0
21A,Available Capacity,WW_30.1,5000.0
22B,Available Capacity,WW_30.1,2500.0
23C,Available Capacity,WW_30.1,500.0
Total,Available Capacity,WW_31.1,8000.0
21A,Available Capacity,WW_31.1,5000.0
22B,Available Capacity,WW_31.1,2500.0
23C,Available Capacity,WW_31.1,500.0
Total,Available Capacity,WW_32.1,8000.0
21A,Available Capacity,WW_32.1,5000.0
22B,Available Capacity,WW_32.1,2500.0
23C,Available Capacity,WW_32.1,500.0
Total,Available Capacity,WW_33.1,8000.0
21A,Available Capacity,WW_33.1,5000.0
22B,Available Capacity,WW_33.1,2500.0
23C,Available Capacity,WW_33.1,500.0
Total,Available Capacity,WW_34.1,8000.0
21A,Available Capacity,WW_34.1,5000.0
22B,Available Capacity,WW_34.1,2500.0
23C,Available Capacity,WW_34.1,500.0
Total,Available Capacity,WW_35.1,8000.0
21A,Available Capacity,WW_35.1,5000.0
22B,Available Capacity,WW_35.1,2500.0
23C,Available Capacity,WW_35.1,500.0
Total,Available Capacity,WW_36.1,7300.0
21A,Available Capacity,WW_36.1,4300.0
22B,Available Capacity,WW_36.1,2500.0
23C,Available Capacity,WW_36.1,500.0
Total,Available Capacity,WW_37.1,7300.0
21A,Available Capacity,WW_37.1,4300.0
22B,Available Capacity,WW_37.1,2500.0
23C,Available Capacity,WW_37.1,500.0
Total,Available Capacity,WW_38.1,7300.0
21A,Available Capacity,WW_38.1,4300.0
22B,Available Capacity,WW_38.1,2500.0
23C,Available Capacity,WW_38.1,500.0
Total,Available Capacity,WW_39.1,7300.0
21A,Available Capacity,WW_39.1,4300.0
22B,Available Capacity,WW_39.1,2500.0
23C,Available Capacity,WW_39.1,500.0
Total,Available Capacity,WW_40.1,7300.0
21A,Available Capacity,WW_40.1,4300.0
22B,Available Capacity,WW_40.1,2500.0
23C,Available Capacity,WW_40.1,500.0
Total,Available Capacity,WW_41.1,7300.0
21A,Available Capacity,WW_41.1,4300.0
22B,Available Capacity,WW_41.1,2500.0
23C,Available Capacity,WW_41.1,500.0
Total,Available Capacity,WW_42.1,7300.0
21A,Available Capacity,WW_42.1,4300.0
22B,Available Capacity,WW_42.1,2500.0
23C,Available Capacity,WW_42.1,500.0
Total,Available Capacity,WW_43.1,7300.0
21A,Available Capacity,WW_43.1,4300.0
22B,Available Capacity,WW_43.1,2500.0
23C,Available Capacity,WW_43.1,500.0
Total,Available Capacity,WW_44.1,7300.0
21A,Available Capacity,WW_44.1,4300.0
22B,Available Capacity,WW_44.1,2500.0
23C,Available Capacity,WW_44.1,500.0
Total,Available Capacity,WW_45.1,7300.0
21A,Available Capacity,WW_45.1,4300.0
22B,Available Capacity,WW_45.1,2500.0
23C,Available Capacity,WW_45.1,500.0
Total,Available Capacity,WW_46.1,7300.0
21A,Available Capacity,WW_46.1,4300.0
22B,Available Capacity,WW_46.1,2500.0
23C,Available Capacity,WW_46.1,500.0
Total,Available Capacity,WW_47.1,7300.0
21A,Available Capacity,WW_47.1,4300.0
22B,Available Capacity,WW_47.1,2500.0
23C,Available Capacity,WW_47.1,500.0
Total,Available Capacity,WW_48.1,7300.0
21A,Available Capacity,WW_48.1,4300.0
22B,Available Capacity,WW_48.1,2500.0
23C,Available Capacity,WW_48.1,500.0
Total,Available Capacity,WW_49.1,7300.0
21A,Available Capacity,WW_49.1,4300.0
22B,Available Capacity,WW_49.1,2500.0
23C,Available Capacity,WW_49.1,500.0
Total,Available Capacity,WW_50.1,7300.0
21A,Available Capacity,WW_50.1,4300.0
22B,Available Capacity,WW_50.1,2500.0
23C,Available Capacity,WW_50.1,500.0
Total,Available Capacity,WW_51.1,7300.0
21A,Available Capacity,WW_51.1,4300.0
22B,Available Capacity,WW_51.1,2500.0
23C,Available Capacity,WW_51.1,500.0
Total,Available Capacity,WW_52.1,7300.0
21A,Available Capacity,WW_52.1,4300.0
22B,Available Capacity,WW_52.1,2500.0
23C,Available Capacity,WW_52.1,500.0
Total,Available Capacity,WW_01.1,7300.0
21A,Available Capacity,WW_01.1,4300.0
22B,Available Capacity,WW_01.1,2500.0
23C,Available Capacity,WW_01.1,500.0
Total,Available Capacity,WW_02.1,7300.0
21A,Available Capacity,WW_02.1,4300.0
22B,Available Capacity,WW_02.1,2500.0
23C,Available Capacity,WW_02.1,500.0
Total,Available Capacity,WW_03.1,7300.0
21A,Available Capacity,WW_03.1,4300.0
22B,Available Capacity,WW_03.1,2500.0
23C,Available Capacity,WW_03.1,500.0
Total,Available Capacity,WW_04.1,7300.0
21A,Available Capacity,WW_04.1,4300.0
22B,Available Capacity,WW_04.1,2500.0
23C,Available Capacity,WW_04.1,500.0
Total,Available Capacity,WW_05.1,7300.0
21A,Available Capacity,WW_05.1,4300.0
22B,Available Capacity,WW_05.1,2500.0
23C,Available Capacity,WW_05.1,500.0
Total,Available Capacity,WW_06.1,7300.0
21A,Available Capacity,WW_06.1,4300.0
22B,Available Capacity,WW_06.1,2500.0
23C,Available Capacity,WW_06.1,500.0
Total,Available Capacity,WW_07.1,7300.0
21A,Available Capacity,WW_07.1,4300.0
22B,Available Capacity,WW_07.1,2500.0
23C,Available Capacity,WW_07.1,500.0
Total,Available Capacity,WW_08.1,7300.0
21A,Available Capacity,WW_08.1,4300.0
22B,Available Capacity,WW_08.1,2500.0
23C,Available Capacity,WW_08.1,500.0
Total,Available Capacity,WW_09.2,7300.0
21A,Available Capacity,WW_09.2,4300.0
22B,Available Capacity,WW_09.2,2500.0
23C,Available Capacity,WW_09.2,500.0
Total,Available Capacity,WW_10.2,7300.0
21A,Available Capacity,WW_10.2,4300.0
22B,Available Capacity,WW_10.2,2500.0
23C,Available Capacity,WW_10.2,500.0
Total,Available Capacity,WW_11.2,7300.0
21A,Available Capacity,WW_11.2,4300.0
22B,Available Capacity,WW_11.2,2500.0
23C,Available Capacity,WW_11.2,500.0
Total,Available Capacity,WW_12.2,7300.0
21A,Available Capacity,WW_12.2,4300.0
22B,Available Capacity,WW_12.2,2500.0
23C,Available Capacity,WW_12.2,500.0
Total,Available Capacity,WW_13.2,7300.0
21A,Available Capacity,WW_13.2,4300.0
22B,Available Capacity,WW_13.2,2500.0
23C,Available Capacity,WW_13.2,500.0
Total,Available Capacity,WW_14.2,7300.0
21A,Available Capacity,WW_14.2,4300.0
22B,Available Capacity,WW_14.2,2500.0
23C,Available Capacity,WW_14.2,500.0
Total,Available Capacity,WW_15.2,7300.0
21A,Available Capacity,WW_15.2,4300.0
22B,Available Capacity,WW_15.2,2500.0
23C,Available Capacity,WW_15.2,500.0
Total,Available Capacity,WW_16.2,7300.0
21A,Available Capacity,WW_16.2,4300.0
22B,Available Capacity,WW_16.2,2500.0
23C,Available Capacity,WW_16.2,500.0
Total,Available Capacity,WW_17.2,7300.0
21A,Available Capacity,WW_17.2,4300.0
22B,Available Capacity,WW_17.2,2500.0
23C,Available Capacity,WW_17.2,500.0
Total,Available Capacity,WW_18.2,7300.0
21A,Available Capacity,WW_18.2,4300.0
22B,Available Capacity,WW_18.2,2500.0
23C,Available Capacity,WW_18.2,500.0
Total,Available Capacity,WW_19.2,7300.0
21A,Available Capacity,WW_19.2,4300.0
22B,Available Capacity,WW_19.2,2500.0
23C,Available Capacity,WW_19.2,500.0
Total,Available Capacity,WW_20.2,7300.0
21A,Available Capacity,WW_20.2,4300.0
22B,Available Capacity,WW_20.2,2500.0
23C,Available Capacity,WW_20.2,500.0
Total,Available Capacity,WW_21.2,7300.0
21A,Available Capacity,WW_21.2,4300.0
22B,Available Capacity,WW_21.2,2500.0
23C,Available Capacity,WW_21.2,500.0
Total,Available Capacity,WW_22.2,7300.0
21A,Available Capacity,WW_22.2,4300.0
22B,Available Capacity,WW_22.2,2500.0
23C,Available Capacity,WW_22.2,500.0
Total,Available Capacity,WW_23.2,7300.0
21A,Available Capacity,WW_23.2,4300.0
22B,Available Capacity,WW_23.2,2500.0
23C,Available Capacity,WW_23.2,500.0
Total,Available Capacity,WW_24.2,7300.0
21A,Available Capacity,WW_24.2,4300.0
22B,Available Capacity,WW_24.2,2500.0
23C,Available Capacity,WW_24.2,500.0
Total,Available Capacity,WW_25.2,7300.0
21A,Available Capacity,WW_25.2,4300.0
22B,Available Capacity,WW_25.2,2500.0
23C,Available Capacity,WW_25.2,500.0
Total,Available Capacity,WW_26.2,7300.0
21A,Available Capacity,WW_26.2,4300.0
22B,Available Capacity,WW_26.2,2500.0
23C,Available Capacity,WW_26.2,500.0
Total,Available Capacity,WW_27.2,7300.0
21A,Available Capacity,WW_27.2,4300.0
22B,Available Capacity,WW_27.2,2500.0
23C,Available Capacity,WW_27.2,500.0
Total,Available Capacity,WW_28.2,7300.0
21A,Available Capacity,WW_28.2,4300.0
22B,Available Capacity,WW_28.2,2500.0
23C,Available Capacity,WW_28.2,500.0
Total,Available Capacity,WW_29.2,7300.0
21A,Available Capacity,WW_29.2,4300.0
22B,Available Capacity,WW_29.2,2500.0
23C,Available Capacity,WW_29.2,500.0
Total,Available Capacity,WW_30.2,7300.0
21A,Available Capacity,WW_30.2,4300.0
22B,Available Capacity,WW_30.2,2500.0
23C,Available Capacity,WW_30.2,500.0
Total,Available Capacity,WW_31.2,7300.0
21A,Available Capacity,WW_31.2,4300.0
22B,Available Capacity,WW_31.2,2500.0
23C,Available Capacity,WW_31.2,500.0
Total,Available Capacity,WW_32.2,7300.0
21A,Available Capacity,WW_32.2,4300.0
22B,Available Capacity,WW_32.2,2500.0
23C,Available Capacity,WW_32.2,500.0
Total,Available Capacity,WW_33.2,7300.0
21A,Available Capacity,WW_33.2,4300.0
22B,Available Capacity,WW_33.2,2500.0
23C,Available Capacity,WW_33.2,500.0
Total,Available Capacity,WW_34.2,7300.0
21A,Available Capacity,WW_34.2,4300.0
22B,Available Capacity,WW_34.2,2500.0
23C,Available Capacity,WW_34.2,500.0
Total,Available Capacity,WW_35.2,7300.0
21A,Available Capacity,WW_35.2,4300.0
22B,Available Capacity,WW_35.2,2500.0
23C,Available Capacity,WW_35.2,500.0
Total,Available Capacity,WW_36.2,7300.0
21A,Available Capacity,WW_36.2,4300.0
22B,Available Capacity,WW_36.2,2500.0
23C,Available Capacity,WW_36.2,500.0
Total,Available Capacity,WW_37.2,7300.0
21A,Available Capacity,WW_37.2,4300.0
22B,Available Capacity,WW_37.2,2500.0
23C,Available Capacity,WW_37.2,500.0
Total,Available Capacity,WW_38.2,7300.0
21A,Available Capacity,WW_38.2,4300.0
22B,Available Capacity,WW_38.2,2500.0
23C,Available Capacity,WW_38.2,500.0
Total,Available Capacity,WW_39.2,7300.0
21A,Available Capacity,WW_39.2,4300.0
22B,Available Capacity,WW_39.2,2500.0
23C,Available Capacity,WW_39.2,500.0
Total,Available Capacity,WW_40.2,7300.0
21A,Available Capacity,WW_40.2,4300.0
22B,Available Capacity,WW_40.2,2500.0
23C,Available Capacity,WW_40.2,500.0
Total,Available Capacity,WW_41.2,7300.0
21A,Available Capacity,WW_41.2,4300.0
22B,Available Capacity,WW_41.2,2500.0
23C,Available Capacity,WW_41.2,500.0
Total,Available Capacity,WW_42.2,7300.0
21A,Available Capacity,WW_42.2,4300.0
22B,Available Capacity,WW_42.2,2500.0
23C,Available Capacity,WW_42.2,500.0
Total,Available Capacity,WW_43.2,7300.0
21A,Available Capacity,WW_43.2,4300.0
22B,Available Capacity,WW_43.2,2500.0
23C,Available Capacity,WW_43.2,500.0
Total,Available Capacity,WW_44.2,7300.0
21A,Available Capacity,WW_44.2,4300.0
22B,Available Capacity,WW_44.2,2500.0
23C,Available Capacity,WW_44.2,500.0
Total,Available Capacity,WW_45.2,7300.0
21A,Available Capacity,WW_45.2,4300.0
22B,Available Capacity,WW_45.2,2500.0
23C,Available Capacity,WW_45.2,500.0
Total,Available Capacity,WW_46.2,7300.0
21A,Available Capacity,WW_46.2,4300.0
22B,Available Capacity,WW_46.2,2500.0
23C,Available Capacity,WW_46.2,500.0
Total,Available Capacity,WW_47.2,7300.0
21A,Available Capacity,WW_47.2,4300.0
22B,Available Capacity,WW_47.2,2500.0
23C,Available Capacity,WW_47.2,500.0
Total,Available Capacity,WW_48.2,7300.0
21A,Available Capacity,WW_48.2,4300.0
22B,Available Capacity,WW_48.2,2500.0
23C,Available Capacity,WW_48.2,500.0
Total,Available Capacity,WW_49.2,7300.0
21A,Available Capacity,WW_49.2,4300.0
22B,Available Capacity,WW_49.2,2500.0
23C,Available Capacity,WW_49.2,500.0
Total,Available Capacity,WW_50.2,7300.0
21A,Available Capacity,WW_50.2,4300.0
22B,Available Capacity,WW_50.2,2500.0
23C,Available Capacity,WW_50.2,500.0
Total,Available Capacity,WW_51.2,7300.0
21A,Available Capacity,WW_51.2,4300.0
22B,Available Capacity,WW_51.2,2500.0
23C,Available Capacity,WW_51.2,500.0
Total,Available Capacity,WW_52.2,7300.0
21A,Available Capacity,WW_52.2,4300.0
22B,Available Capacity,WW_52.2,2500.0
23C,Available Capacity,WW_52.2,500.0
Total,Available Capacity,WW_01.2,7300.0
21A,Available Capacity,WW_01.2,4300.0
22B,Available Capacity,WW_01.2,2500.0
23C,Available Capacity,WW_01.2,500.0
Total,Available Capacity,WW_02.2,7300.0
21A,Available Capacity,WW_02.2,4300.0
22B,Available Capacity,WW_02.2,2500.0
23C,Available Capacity,WW_02.2,500.0
Total,Available Capacity,WW_03.2,7300.0
21A,Available Capacity,WW_03.2,4300.0
22B,Available Capacity,WW_03.2,2500.0
23C,Available Capacity,WW_03.2,500.0
Total,Available Capacity,WW_04.2,7300.0
21A,Available Capacity,WW_04.2,4300.0
22B,Available Capacity,WW_04.2,2500.0
23C,Available Capacity,WW_04.2,500.0
Total,Available Capacity,WW_05.2,7300.0
21A,Available Capacity,WW_05.2,4300.0
22B,Available Capacity,WW_05.2,2500.0
23C,Available Capacity,WW_05.2,500.0
Total,Available Capacity,WW_06.2,7300.0
21A,Available Capacity,WW_06.2,4300.0
22B,Available Capacity,WW_06.2,2500.0
23C,Available Capacity,WW_06.2,500.0
Total,Available Capacity,WW_07.2,7300.0
21A,Available Capacity,WW_07.2,4300.0
22B,Available Capacity,WW_07.2,2500.0
23C,Available Capacity,WW_07.2,500.0
Total,Available Capacity,WW_08.2,7300.0
21A,Available Capacity,WW_08.2,4300.0
22B,Available Capacity,WW_08.2,2500.0
23C,Available Capacity,WW_08.2,500.0
Total,Available Capacity,WW_09.3,7300.0
21A,Available Capacity,WW_09.3,4300.0
22B,Available Capacity,WW_09.3,2500.0
23C,Available Capacity,WW_09.3,500.0
Total,Available Capacity,WW_10.3,7300.0
21A,Available Capacity,WW_10.3,4300.0
22B,Available Capacity,WW_10.3,2500.0
23C,Available Capacity,WW_10.3,500.0
Total,Available Capacity,WW_11.3,7300.0
21A,Available Capacity,WW_11.3,4300.0
22B,Available Capacity,WW_11.3,2500.0
23C,Available Capacity,WW_11.3,500.0
Total,Available Capacity,WW_12.3,7300.0
21A,Available Capacity,WW_12.3,4300.0
22B,Available Capacity,WW_12.3,2500.0
23C,Available Capacity,WW_12.3,500.0
Total,Available Capacity,WW_13.3,7300.0
21A,Available Capacity,WW_13.3,4300.0
22B,Available Capacity,WW_13.3,2500.0
23C,Available Capacity,WW_13.3,500.0
Total,Available Capacity,WW_14.3,7300.0
21A,Available Capacity,WW_14.3,4300.0
22B,Available Capacity,WW_14.3,2500.0
23C,Available Capacity,WW_14.3,500.0
Total,Available Capacity,WW_15.3,7300.0
21A,Available Capacity,WW_15.3,4300.0
22B,Available Capacity,WW_15.3,2500.0
23C,Available Capacity,WW_15.3,500.0
Total,Available Capacity,WW_16.3,7300.0
21A,Available Capacity,WW_16.3,4300.0
22B,Available Capacity,WW_16.3,2500.0
23C,Available Capacity,WW_16.3,500.0
Total,Available Capacity,WW_17.3,7300.0
21A,Available Capacity,WW_17.3,4300.0
22B,Available Capacity,WW_17.3,2500.0
23C,Available Capacity,WW_17.3,500.0
Total,Available Capacity,WW_18.3,7300.0
21A,Available Capacity,WW_18.3,4300.0
22B,Available Capacity,WW_18.3,2500.0
23C,Available Capacity,WW_18.3,500.0
Total,Available Capacity,WW_19.3,7300.0
21A,Available Capacity,WW_19.3,4300.0
22B,Available Capacity,WW_19.3,2500.0
23C,Available Capacity,WW_19.3,500.0
Total,Available Capacity,WW_20.3,7300.0
21A,Available Capacity,WW_20.3,4300.0
22B,Available Capacity,WW_20.3,2500.0
23C,Available Capacity,WW_20.3,500.0
Total,Available Capacity,WW_21.3,7300.0
21A,Available Capacity,WW_21.3,4300.0
22B,Available Capacity,WW_21.3,2500.0
23C,Available Capacity,WW_21.3,500.0
Total,Available Capacity,WW_22.3,7300.0
21A,Available Capacity,WW_22.3,4300.0
22B,Available Capacity,WW_22.3,2500.0
23C,Available Capacity,WW_22.3,500.0
Total,Available Capacity,WW_23.3,7300.0
21A,Available Capacity,WW_23.3,4300.0
22B,Available Capacity,WW_23.3,2500.0
23C,Available Capacity,WW_23.3,500.0
Total,Available Capacity,WW_24.3,7300.0
21A,Available Capacity,WW_24.3,4300.0
22B,Available Capacity,WW_24.3,2500.0
23C,Available Capacity,WW_24.3,500.0
Total,Available Capacity,WW_25.3,7300.0
21A,Available Capacity,WW_25.3,4300.0
22B,Available Capacity,WW_25.3,2500.0
23C,Available Capacity,WW_25.3,500.0
Total,Available Capacity,WW_26.3,7300.0
21A,Available Capacity,WW_26.3,4300.0
22B,Available Capacity,WW_26.3,2500.0
23C,Available Capacity,WW_26.3,500.0
Total,Available Capacity,WW_27.3,7300.0
21A,Available Capacity,WW_27.3,4300.0
22B,Available Capacity,WW_27.3,2500.0
23C,Available Capacity,WW_27.3,500.0
Total,Available Capacity,WW_28.3,7300.0
21A,Available Capacity,WW_28.3,4300.0
22B,Available Capacity,WW_28.3,2500.0
23C,Available Capacity,WW_28.3,500.0
Total,Available Capacity,WW_29.3,7300.0
21A,Available Capacity,WW_29.3,4300.0
22B,Available Capacity,WW_29.3,2500.0
23C,Available Capacity,WW_29.3,500.0
Total,Available Capacity,WW_30.3,7200.0
21A,Available Capacity,WW_30.3,4200.0
22B,Available Capacity,WW_30.3,2500.0
23C,Available Capacity,WW_30.3,500.0
Total,Available Capacity,WW_31.3,7100.0
21A,Available Capacity,WW_31.3,4100.0
22B,Available Capacity,WW_31.3,2500.0
23C,Available Capacity,WW_31.3,500.0
Total,Available Capacity,WW_32.3,7000.0
21A,Available Capacity,WW_32.3,4000.0
22B,Available Capacity,WW_32.3,2500.0
23C,Available Capacity,WW_32.3,500.0
Total,Available Capacity,WW_33.3,6900.0
21A,Available Capacity,WW_33.3,3900.0
22B,Available Capacity,WW_33.3,2500.0
23C,Available Capacity,WW_33.3,500.0
Total,Available Capacity,WW_34.3,6800.0
21A,Available Capacity,WW_34.3,3800.0
22B,Available Capacity,WW_34.3,2500.0
23C,Available Capacity,WW_34.3,500.0
Total,Available Capacity,WW_35.3,6700.0
21A,Available Capacity,WW_35.3,3700.0
22B,Available Capacity,WW_35.3,2500.0
23C,Available Capacity,WW_35.3,500.0
Total,Available Capacity,WW_36.3,10800.0
21A,Available Capacity,WW_36.3,4000.0
22B,Available Capacity,WW_36.3,4000.0
23C,Available Capacity,WW_36.3,2800.0
Total,Available Capacity,WW_37.3,11600.0
21A,Available Capacity,WW_37.3,4000.0
22B,Available Capacity,WW_37.3,4000.0
23C,Available Capacity,WW_37.3,3600.0
Total,Available Capacity,WW_38.3,12400.0
21A,Available Capacity,WW_38.3,4000.0
22B,Available Capacity,WW_38.3,4000.0
23C,Available Capacity,WW_38.3,4400.0
Total,Available Capacity,WW_39.3,12700.0
21A,Available Capacity,WW_39.3,4130.0
22B,Available Capacity,WW_39.3,4000.0
23C,Available Capacity,WW_39.3,4570.0
Total,Available Capacity,WW_40.3,12648.0
21A,Available Capacity,WW_40.3,4930.0
22B,Available Capacity,WW_40.3,4000.0
23C,Available Capacity,WW_40.3,3718.0
Total,Available Capacity,WW_41.3,12069.0
21A,Available Capacity,WW_41.3,4900.0
22B,Available Capacity,WW_41.3,4000.0
23C,Available Capacity,WW_41.3,3169.0
Total,Available Capacity,WW_42.3,12501.0
21A,Available Capacity,WW_42.3,4000.0
22B,Available Capacity,WW_42.3,4000.0
23C,Available Capacity,WW_42.3,4501.0
Total,Available Capacity,WW_43.3,12700.0
21A,Available Capacity,WW_43.3,4000.0
22B,Available Capacity,WW_43.3,4000.0
23C,Available Capacity,WW_43.3,4700.0
Total,Available Capacity,WW_44.3,12700.0
21A,Available Capacity,WW_44.3,4000.0
22B,Available Capacity,WW_44.3,4000.0
23C,Available Capacity,WW_44.3,4700.0
Total,Available Capacity,WW_45.3,12700.0
21A,Available Capacity,WW_45.3,4000.0
22B,Available Capacity,WW_45.3,4000.0
23C,Available Capacity,WW_45.3,4700.0
Total,Available Capacity,WW_46.3,12700.0
21A,Available Capacity,WW_46.3,4000.0
22B,Available Capacity,WW_46.3,4000.0
23C,Available Capacity,WW_46.3,4700.0
Total,Available Capacity,WW_47.3,12700.0
21A,Available Capacity,WW_47.3,4000.0
22B,Available Capacity,WW_47.3,4000.0
23C,Available Capacity,WW_47.3,4700.0
Total,Available Capacity,WW_48.3,12700.0
21A,Available Capacity,WW_48.3,4000.0
22B,Available Capacity,WW_48.3,4000.0
23C,Available Capacity,WW_48.3,4700.0
Total,Available Capacity,WW_49.3,12700.0
21A,Available Capacity,WW_49.3,5000.0
22B,Available Capacity,WW_49.3,4000.0
23C,Available Capacity,WW_49.3,3700.0
Total,Available Capacity,WW_50.3,12700.0
21A,Available Capacity,WW_50.3,5000.0
22B,Available Capacity,WW_50.3,4000.0
23C,Available Capacity,WW_50.3,3700.0
Total,Available Capacity,WW_51.3,12700.0
21A,Available Capacity,WW_51.3,5000.0
22B,Available Capacity,WW_51.3,4000.0
23C,Available Capacity,WW_51.3,3700.0
Total,Available Capacity,WW_52.3,12700.0
21A,Available Capacity,WW_52.3,5000.0
22B,Available Capacity,WW_52.3,4000.0
23C,Available Capacity,WW_52.3,3700.0
Total,Available Capacity,WW_01.3,12700.0
21A,Available Capacity,WW_01.3,5000.0
22B,Available Capacity,WW_01.3,4000.0
23C,Available Capacity,WW_01.3,3700.0
Total,Available Capacity,WW_02.3,12700.0
21A,Available Capacity,WW_02.3,5000.0
22B,Available Capacity,WW_02.3,4000.0
23C,Available Capacity,WW_02.3,3700.0
Total,Available Capacity,WW_03.3,12700.0
21A,Available Capacity,WW_03.3,5000.0
22B,Available Capacity,WW_03.3,4000.0
23C,Available Capacity,WW_03.3,3700.0
Total,Available Capacity,WW_04.3,12700.0
21A,Available Capacity,WW_04.3,5000.0
22B,Available Capacity,WW_04.3,4000.0
23C,Available Capacity,WW_04.3,3700.0
Total,Available Capacity,WW_05.3,12700.0
21A,Available Capacity,WW_05.3,5000.0
22B,Available Capacity,WW_05.3,4000.0
23C,Available Capacity,WW_05.3,3700.0
Total,Available Capacity,WW_06.3,12700.0
21A,Available Capacity,WW_06.3,5000.0
22B,Available Capacity,WW_06.3,4000.0
23C,Available Capacity,WW_06.3,3700.0
Total,Available Capacity,WW_07.3,12700.0
21A,Available Capacity,WW_07.3,5000.0
22B,Available Capacity,WW_07.3,4000.0
23C,Available Capacity,WW_07.3,3700.0
Total,Available Capacity,WW_08.3,12700.0
21A,Available Capacity,WW_08.3,5000.0
22B,Available Capacity,WW_08.3,4000.0
23C,Available Capacity,WW_08.3,3700.0
Total,Available Capacity,WW_09.4,12700.0
21A,Available Capacity,WW_09.4,5000.0
22B,Available Capacity,WW_09.4,4000.0
23C,Available Capacity,WW_09.4,3700.0
Total,Available Capacity,WW_10.4,12500.0
21A,Available Capacity,WW_10.4,5000.0
22B,Available Capacity,WW_10.4,4000.0
23C,Available Capacity,WW_10.4,3500.0
Total,Available Capacity,WW_11.4,12500.0
21A,Available Capacity,WW_11.4,5000.0
22B,Available Capacity,WW_11.4,4000.0
23C,Available Capacity,WW_11.4,3500.0
Total,Available Capacity,WW_12.4,12500.0
21A,Available Capacity,WW_12.4,5000.0
22B,Available Capacity,WW_12.4,4000.0
23C,Available Capacity,WW_12.4,3500.0
Total,Available Capacity,WW_13.4,12500.0
21A,Available Capacity,WW_13.4,5000.0
22B,Available Capacity,WW_13.4,4000.0
23C,Available Capacity,WW_13.4,3500.0
Total,Available Capacity,WW_14.4,12500.0
21A,Available Capacity,WW_14.4,5000.0
22B,Available Capacity,WW_14.4,4000.0
23C,Available Capacity,WW_14.4,3500.0
Total,Available Capacity,WW_15.4,12500.0
21A,Available Capacity,WW_15.4,5000.0
22B,Available Capacity,WW_15.4,4000.0
23C,Available Capacity,WW_15.4,3500.0
Total,Available Capacity,WW_16.4,12500.0
21A,Available Capacity,WW_16.4,5000.0
22B,Available Capacity,WW_16.4,4000.0
23C,Available Capacity,WW_16.4,3500.0
Total,Available Capacity,WW_17.4,12500.0
21A,Available Capacity,WW_17.4,5000.0
22B,Available Capacity,WW_17.4,4000.0
23C,Available Capacity,WW_17.4,3500.0
Total,Available Capacity,WW_18.4,12500.0
21A,Available Capacity,WW_18.4,5000.0
22B,Available Capacity,WW_18.4,4000.0
23C,Available Capacity,WW_18.4,3500.0
Total,Available Capacity,WW_19.4,12500.0
21A,Available Capacity,WW_19.4,5000.0
22B,Available Capacity,WW_19.4,4000.0
23C,Available Capacity,WW_19.4,3500.0
Total,Available Capacity,WW_20.4,12500.0
21A,Available Capacity,WW_20.4,5000.0
22B,Available Capacity,WW_20.4,4000.0
23C,Available Capacity,WW_20.4,3500.0
Total,Available Capacity,WW_21.4,12500.0
21A,Available Capacity,WW_21.4,5000.0
22B,Available Capacity,WW_21.4,4000.0
23C,Available Capacity,WW_21.4,3500.0
Total,Available Capacity,WW_22.4,12500.0
21A,Available Capacity,WW_22.4,5000.0
22B,Available Capacity,WW_22.4,4000.0
23C,Available Capacity,WW_22.4,3500.0
Total,Available Capacity,WW_23.4,12500.0
21A,Available Capacity,WW_23.4,5000.0
22B,Available Capacity,WW_23.4,2500.0
23C,Available Capacity,WW_23.4,5000.0
Total,Available Capacity,WW_24.4,12500.0
21A,Available Capacity,WW_24.4,5000.0
22B,Available Capacity,WW_24.4,2500.0
23C,Available Capacity,WW_24.4,5000.0
Total,Available Capacity,WW_25.4,12500.0
21A,Available Capacity,WW_25.4,5000.0
22B,Available Capacity,WW_25.4,2500.0
23C,Available Capacity,WW_25.4,5000.0
Total,Available Capacity,WW_26.4,12500.0
21A,Available Capacity,WW_26.4,5000.0
22B,Available Capacity,WW_26.4,2500.0
23C,Available Capacity,WW_26.4,5000.0
Total,Available Capacity,WW_27.4,12500.0
21A,Available Capacity,WW_27.4,5000.0
22B,Available Capacity,WW_27.4,2500.0
23C,Available Capacity,WW_27.4,5000.0
Total,Available Capacity,WW_28.4,12300.0
21A,Available Capacity,WW_28.4,5000.0
22B,Available Capacity,WW_28.4,2500.0
23C,Available Capacity,WW_28.4,4800.0
Total,Available Capacity,WW_29.4,12300.0
21A,Available Capacity,WW_29.4,5000.0
22B,Available Capacity,WW_29.4,2500.0
23C,Available Capacity,WW_29.4,4800.0
Total,Available Capacity,WW_30.4,12300.0
21A,Available Capacity,WW_30.4,5000.0
22B,Available Capacity,WW_30.4,2500.0
23C,Available Capacity,WW_30.4,4800.0
Total,Available Capacity,WW_31.4,12160.0
21A,Available Capacity,WW_31.4,5000.0
22B,Available Capacity,WW_31.4,2500.0
23C,Available Capacity,WW_31.4,4660.0
Total,Available Capacity,WW_32.4,11610.0
21A,Available Capacity,WW_32.4,5000.0
22B,Available Capacity,WW_32.4,2500.0
23C,Available Capacity,WW_32.4,4110.0
Total,Available Capacity,WW_33.4,11505.0
21A,Available Capacity,WW_33.4,5000.0
22B,Available Capacity,WW_33.4,2500.0
23C,Available Capacity,WW_33.4,4005.0
Total,Available Capacity,WW_34.4,10860.0
21A,Available Capacity,WW_34.4,5000.0
22B,Available Capacity,WW_34.4,2500.0
23C,Available Capacity,WW_34.4,3360.0
Total,Available Capacity,WW_35.4,10355.0
21A,Available Capacity,WW_35.4,5000.0
22B,Available Capacity,WW_35.4,2500.0
23C,Available Capacity,WW_35.4,2855.0
Total,Available Capacity,WW_36.4,7300.0
21A,Available Capacity,WW_36.4,4300.0
22B,Available Capacity,WW_36.4,2500.0
23C,Available Capacity,WW_36.4,500.0
Total,Available Capacity,WW_37.4,7300.0
21A,Available Capacity,WW_37.4,4300.0
22B,Available Capacity,WW_37.4,2500.0
23C,Available Capacity,WW_37.4,500.0
Total,Available Capacity,WW_38.4,7300.0
21A,Available Capacity,WW_38.4,4300.0
22B,Available Capacity,WW_38.4,2500.0
23C,Available Capacity,WW_38.4,500.0
Total,Available Capacity,WW_39.4,7300.0
21A,Available Capacity,WW_39.4,4300.0
22B,Available Capacity,WW_39.4,2500.0
23C,Available Capacity,WW_39.4,500.0
Total,Available Capacity,WW_40.4,7300.0
21A,Available Capacity,WW_40.4,4300.0
22B,Available Capacity,WW_40.4,2500.0
23C,Available Capacity,WW_40.4,500.0
Total,Available Capacity,WW_41.4,7300.0
21A,Available Capacity,WW_41.4,4300.0
22B,Available Capacity,WW_41.4,2500.0
23C,Available Capacity,WW_41.4,500.0
Total,Available Capacity,WW_42.4,7300.0
21A,Available Capacity,WW_42.4,4300.0
22B,Available Capacity,WW_42.4,2500.0
23C,Available Capacity,WW_42.4,500.0
Total,Available Capacity,WW_43.4,7300.0
21A,Available Capacity,WW_43.4,4300.0
22B,Available Capacity,WW_43.4,2500.0
23C,Available Capacity,WW_43.4,500.0
Total,Available Capacity,WW_44.4,7300.0
21A,Available Capacity,WW_44.4,4300.0
22B,Available Capacity,WW_44.4,2500.0
23C,Available Capacity,WW_44.4,500.0
Total,Available Capacity,WW_45.4,7300.0
21A,Available Capacity,WW_45.4,4300.0
22B,Available Capacity,WW_45.4,2500.0
23C,Available Capacity,WW_45.4,500.0
Total,Available Capacity,WW_46.4,7300.0
21A,Available Capacity,WW_46.4,4300.0
22B,Available Capacity,WW_46.4,2500.0
23C,Available Capacity,WW_46.4,500.0
Total,Available Capacity,WW_47.4,7300.0
21A,Available Capacity,WW_47.4,4300.0
22B,Available Capacity,WW_47.4,2500.0
23C,Available Capacity,WW_47.4,500.0
Total,Available Capacity,WW_48.4,7300.0
21A,Available Capacity,WW_48.4,4300.0
22B,Available Capacity,WW_48.4,2500.0
23C,Available Capacity,WW_48.4,500.0
Total,Available Capacity,WW_49.4,7300.0
21A,Available Capacity,WW_49.4,4300.0
22B,Available Capacity,WW_49.4,2500.0
23C,Available Capacity,WW_49.4,500.0
Total,Available Capacity,WW_50.4,7300.0
21A,Available Capacity,WW_50.4,4300.0
22B,Available Capacity,WW_50.4,2500.0
23C,Available Capacity,WW_50.4,500.0
Total,Available Capacity,WW_51.4,7300.0
21A,Available Capacity,WW_51.4,4300.0
22B,Available Capacity,WW_51.4,2500.0
23C,Available Capacity,WW_51.4,500.0
Total,Available Capacity,WW_52.4,7300.0
21A,Available Capacity,WW_52.4,4300.0
22B,Available Capacity,WW_52.4,2500.0
23C,Available Capacity,WW_52.4,500.0
Total,Available Capacity,WW_01.4,7300.0
21A,Available Capacity,WW_01.4,4300.0
22B,Available Capacity,WW_01.4,2500.0
23C,Available Capacity,WW_01.4,500.0
Total,Available Capacity,WW_02.4,7300.0
21A,Available Capacity,WW_02.4,4300.0
22B,Available Capacity,WW_02.4,2500.0
23C,Available Capacity,WW_02.4,500.0
Total,Available Capacity,WW_03.4,7300.0
21A,Available Capacity,WW_03.4,4300.0
22B,Available Capacity,WW_03.4,2500.0
23C,Available Capacity,WW_03.4,500.0
Total,Available Capacity,WW_04.4,7300.0
21A,Available Capacity,WW_04.4,4300.0
22B,Available Capacity,WW_04.4,2500.0
23C,Available Capacity,WW_04.4,500.0
Total,Available Capacity,WW_05.4,7300.0
21A,Available Capacity,WW_05.4,4300.0
22B,Available Capacity,WW_05.4,2500.0
23C,Available Capacity,WW_05.4,500.0
Total,Available Capacity,WW_06.4,7300.0
21A,Available Capacity,WW_06.4,4300.0
22B,Available Capacity,WW_06.4,2500.0
23C,Available Capacity,WW_06.4,500.0
Total,Available Capacity,WW_07.4,7300.0
21A,Available Capacity,WW_07.4,4300.0
22B,Available Capacity,WW_07.4,2500.0
23C,Available Capacity,WW_07.4,500.0
Total,Available Capacity,WW_08.4,7300.0
21A,Available Capacity,WW_08.4,4300.0
22B,Available Capacity,WW_08.4,2500.0
23C,Available Capacity,WW_08.4,500.0
Total,Available Capacity,WW_09.5,7300.0
21A,Available Capacity,WW_09.5,4300.0
22B,Available Capacity,WW_09.5,2500.0
23C,Available Capacity,WW_09.5,500.0
Total,Available Capacity,WW_10.5,7300.0
21A,Available Capacity,WW_10.5,4300.0
22B,Available Capacity,WW_10.5,2500.0
23C,Available Capacity,WW_10.5,500.0
Total,Available Capacity,WW_11.5,7300.0
21A,Available Capacity,WW_11.5,4300.0
22B,Available Capacity,WW_11.5,2500.0
23C,Available Capacity,WW_11.5,500.0
Total,Available Capacity,WW_12.5,7300.0
21A,Available Capacity,WW_12.5,4300.0
22B,Available Capacity,WW_12.5,2500.0
23C,Available Capacity,WW_12.5,500.0
Total,Available Capacity,WW_13.5,7300.0
21A,Available Capacity,WW_13.5,4300.0
22B,Available Capacity,WW_13.5,2500.0
23C,Available Capacity,WW_13.5,500.0
Total,Available Capacity,WW_14.5,7300.0
21A,Available Capacity,WW_14.5,4300.0
22B,Available Capacity,WW_14.5,2500.0
23C,Available Capacity,WW_14.5,500.0
Total,Available Capacity,WW_15.5,7300.0
21A,Available Capacity,WW_15.5,4300.0
22B,Available Capacity,WW_15.5,2500.0
23C,Available Capacity,WW_15.5,500.0
Total,Available Capacity,WW_16.5,7300.0
21A,Available Capacity,WW_16.5,4300.0
22B,Available Capacity,WW_16.5,2500.0
23C,Available Capacity,WW_16.5,500.0
Total,Available Capacity,WW_17.5,7300.0
21A,Available Capacity,WW_17.5,4300.0
22B,Available Capacity,WW_17.5,2500.0
23C,Available Capacity,WW_17.5,500.0
Total,Available Capacity,WW_18.5,7200.0
21A,Available Capacity,WW_18.5,4200.0
22B,Available Capacity,WW_18.5,2500.0
23C,Available Capacity,WW_18.5,500.0
Total,Available Capacity,WW_19.5,7100.0
21A,Available Capacity,WW_19.5,4100.0
22B,Available Capacity,WW_19.5,2500.0
23C,Available Capacity,WW_19.5,500.0
Total,Available Capacity,WW_20.5,7000.0
21A,Available Capacity,WW_20.5,4000.0
22B,Available Capacity,WW_20.5,2500.0
23C,Available Capacity,WW_20.5,500.0
Total,Available Capacity,WW_21.5,6900.0
21A,Available Capacity,WW_21.5,3900.0
22B,Available Capacity,WW_21.5,2500.0
23C,Available Capacity,WW_21.5,500.0
Total,Available Capacity,WW_22.5,6800.0
21A,Available Capacity,WW_22.5,3800.0
22B,Available Capacity,WW_22.5,2500.0
23C,Available Capacity,WW_22.5,500.0
Total,Available Capacity,WW_23.5,6700.0
21A,Available Capacity,WW_23.5,3700.0
22B,Available Capacity,WW_23.5,2500.0
23C,Available Capacity,WW_23.5,500.0
Total,Available Capacity,WW_24.5,10800.0
21A,Available Capacity,WW_24.5,4000.0
22B,Available Capacity,WW_24.5,4000.0
23C,Available Capacity,WW_24.5,2800.0
Total,Available Capacity,WW_25.5,11600.0
21A,Available Capacity,WW_25.5,4000.0
22B,Available Capacity,WW_25.5,4000.0
23C,Available Capacity,WW_25.5,3600.0
Total,Available Capacity,WW_26.5,12400.0
21A,Available Capacity,WW_26.5,4000.0
22B,Available Capacity,WW_26.5,4000.0
23C,Available Capacity,WW_26.5,4400.0
Total,Available Capacity,WW_27.5,12700.0
21A,Available Capacity,WW_27.5,4130.0
22B,Available Capacity,WW_27.5,4000.0
23C,Available Capacity,WW_27.5,4570.0
Total,Available Capacity,WW_28.5,12648.0
21A,Available Capacity,WW_28.5,4930.0
22B,Available Capacity,WW_28.5,4000.0
23C,Available Capacity,WW_28.5,3718.0
Total,Available Capacity,WW_29.5,12069.0
21A,Available Capacity,WW_29.5,4900.0
22B,Available Capacity,WW_29.5,4000.0
23C,Available Capacity,WW_29.5,3169.0
Total,Available Capacity,WW_30.5,12501.0
21A,Available Capacity,WW_30.5,4000.0
22B,Available Capacity,WW_30.5,4000.0
23C,Available Capacity,WW_30.5,4501.0
Total,Available Capacity,WW_31.5,12700.0
21A,Available Capacity,WW_31.5,4000.0
22B,Available Capacity,WW_31.5,4000.0
23C,Available Capacity,WW_31.5,4700.0
Total,Available Capacity,WW_32.5,12700.0
21A,Available Capacity,WW_32.5,4000.0
22B,Available Capacity,WW_32.5,4000.0
23C,Available Capacity,WW_32.5,4700.0
Total,Available Capacity,WW_33.5,12700.0
21A,Available Capacity,WW_33.5,4000.0
22B,Available Capacity,WW_33.5,4000.0
23C,Available Capacity,WW_33.5,4700.0
Total,Available Capacity,WW_34.5,12700.0
21A,Available Capacity,WW_34.5,4000.0
22B,Available Capacity,WW_34.5,4000.0
23C,Available Capacity,WW_34.5,4700.0
Total,Available Capacity,WW_35.5,12700.0
21A,Available Capacity,WW_35.5,4000.0
22B,Available Capacity,WW_35.5,4000.0
23C,Available Capacity,WW_35.5,4700.0
Total,Available Capacity,WW_36.5,12700.0
21A,Available Capacity,WW_36.5,5000.0
22B,Available Capacity,WW_36.5,4000.0
23C,Available Capacity,WW_36.5,3700.0
Total,Available Capacity,WW_37.5,12700.0
21A,Available Capacity,WW_37.5,5000.0
22B,Available Capacity,WW_37.5,4000.0
23C,Available Capacity,WW_37.5,3700.0
Total,Available Capacity,WW_38.5,12700.0
21A,Available Capacity,WW_38.5,5000.0
22B,Available Capacity,WW_38.5,4000.0
23C,Available Capacity,WW_38.5,3700.0
Total,Available Capacity,WW_39.5,12700.0
21A,Available Capacity,WW_39.5,5000.0
22B,Available Capacity,WW_39.5,4000.0
23C,Available Capacity,WW_39.5,3700.0
Total,Available Capacity,WW_40.5,12700.0
21A,Available Capacity,WW_40.5,5000.0
22B,Available Capacity,WW_40.5,4000.0
23C,Available Capacity,WW_40.5,3700.0
Total,Available Capacity,WW_41.5,12700.0
21A,Available Capacity,WW_41.5,5000.0
22B,Available Capacity,WW_41.5,4000.0
23C,Available Capacity,WW_41.5,3700.0
Total,Available Capacity,WW_42.5,12700.0
21A,Available Capacity,WW_42.5,5000.0
22B,Available Capacity,WW_42.5,4000.0
23C,Available Capacity,WW_42.5,3700.0
Total,Available Capacity,WW_43.5,12700.0
21A,Available Capacity,WW_43.5,5000.0
22B,Available Capacity,WW_43.5,4000.0
23C,Available Capacity,WW_43.5,3700.0
Total,Available Capacity,WW_44.5,12700.0
21A,Available Capacity,WW_44.5,5000.0
22B,Available Capacity,WW_44.5,4000.0
23C,Available Capacity,WW_44.5,3700.0
Total,Available Capacity,WW_45.5,12700.0
21A,Available Capacity,WW_45.5,5000.0
22B,Available Capacity,WW_45.5,4000.0
23C,Available Capacity,WW_45.5,3700.0
Total,Available Capacity,WW_46.5,12700.0
21A,Available Capacity,WW_46.5,5000.0
22B,Available Capacity,WW_46.5,4000.0
23C,Available Capacity,WW_46.5,3700.0
Total,Available Capacity,WW_47.5,12700.0
21A,Available Capacity,WW_47.5,5000.0
22B,Available Capacity,WW_47.5,4000.0
23C,Available Capacity,WW_47.5,3700.0
Total,Available Capacity,WW_48.5,12700.0
21A,Available Capacity,WW_48.5,5000.0
22B,Available Capacity,WW_48.5,4000.0
23C,Available Capacity,WW_48.5,3700.0
Total,Available Capacity,WW_49.5,12500.0
21A,Available Capacity,WW_49.5,5000.0
22B,Available Capacity,WW_49.5,4000.0
23C,Available Capacity,WW_49.5,3500.0
Total,Available Capacity,WW_50.5,12500.0
21A,Available Capacity,WW_50.5,5000.0
22B,Available Capacity,WW_50.5,4000.0
23C,Available Capacity,WW_50.5,3500.0
Total,Available Capacity,WW_51.5,12500.0
21A,Available Capacity,WW_51.5,5000.0
22B,Available Capacity,WW_51.5,4000.0
23C,Available Capacity,WW_51.5,3500.0
Total,Available Capacity,WW_52.5,12500.0
21A,Available Capacity,WW_52.5,5000.0
22B,Available Capacity,WW_52.5,4000.0
23C,Available Capacity,WW_52.5,3500.0
Total,Available Capacity,WW_01.5,12500.0
21A,Available Capacity,WW_01.5,5000.0
22B,Available Capacity,WW_01.5,4000.0
23C,Available Capacity,WW_01.5,3500.0
Total,Available Capacity,WW_02.5,12500.0
21A,Available Capacity,WW_02.5,5000.0
22B,Available Capacity,WW_02.5,4000.0
23C,Available Capacity,WW_02.5,3500.0
Total,Available Capacity,WW_03.5,12500.0
21A,Available Capacity,WW_03.5,5000.0
22B,Available Capacity,WW_03.5,4000.0
23C,Available Capacity,WW_03.5,3500.0
Total,Available Capacity,WW_04.5,12500.0
21A,Available Capacity,WW_04.5,5000.0
22B,Available Capacity,WW_04.5,4000.0
23C,Available Capacity,WW_04.5,3500.0
Total,Available Capacity,WW_05.5,12500.0
21A,Available Capacity,WW_05.5,5000.0
22B,Available Capacity,WW_05.5,4000.0
23C,Available Capacity,WW_05.5,3500.0
Total,Available Capacity,WW_06.5,12500.0
21A,Available Capacity,WW_06.5,5000.0
22B,Available Capacity,WW_06.5,4000.0
23C,Available Capacity,WW_06.5,3500.0
Total,Available Capacity,WW_07.5,12500.0
21A,Available Capacity,WW_07.5,5000.0
22B,Available Capacity,WW_07.5,4000.0
23C,Available Capacity,WW_07.5,3500.0
Total,Available Capacity,WW_08.5,12500.0
21A,Available Capacity,WW_08.5,5000.0
22B,Available Capacity,WW_08.5,4000.0
23C,Available Capacity,WW_08.5,3500.0
Total,Available Capacity,WW_09.6,12500.0
21A,Available Capacity,WW_09.6,5000.0
22B,Available Capacity,WW_09.6,4000.0
23C,Available Capacity,WW_09.6,3500.0
Total,Available Capacity,WW_10.6,12500.0
21A,Available Capacity,WW_10.6,5000.0
22B,Available Capacity,WW_10.6,2500.0
23C,Available Capacity,WW_10.6,5000.0
Total,Available Capacity,WW_11.6,12500.0
21A,Available Capacity,WW_11.6,5000.0
22B,Available Capacity,WW_11.6,2500.0
23C,Available Capacity,WW_11.6,5000.0
Total,Available Capacity,WW_12.6,12500.0
21A,Available Capacity,WW_12.6,5000.0
22B,Available Capacity,WW_12.6,2500.0
23C,Available Capacity,WW_12.6,5000.0
Total,Available Capacity,WW_13.6,12500.0
21A,Available Capacity,WW_13.6,5000.0
22B,Available Capacity,WW_13.6,2500.0
23C,Available Capacity,WW_13.6,5000.0
Total,Available Capacity,WW_14.6,12500.0
21A,Available Capacity,WW_14.6,5000.0
22B,Available Capacity,WW_14.6,2500.0
23C,Available Capacity,WW_14.6,5000.0
Total,Available Capacity,WW_15.6,12300.0
21A,Available Capacity,WW_15.6,5000.0
22B,Available Capacity,WW_15.6,2500.0
23C,Available Capacity,WW_15.6,4800.0
Total,Available Capacity,WW_16.6,12300.0
21A,Available Capacity,WW_16.6,5000.0
22B,Available Capacity,WW_16.6,2500.0
23C,Available Capacity,WW_16.6,4800.0
Total,Available Capacity,WW_17.6,12300.0
21A,Available Capacity,WW_17.6,5000.0
22B,Available Capacity,WW_17.6,2500.0
23C,Available Capacity,WW_17.6,4800.0
Total,Available Capacity,WW_18.6,12160.0
21A,Available Capacity,WW_18.6,5000.0
22B,Available Capacity,WW_18.6,2500.0
23C,Available Capacity,WW_18.6,4660.0
Total,Available Capacity,WW_19.6,11610.0
21A,Available Capacity,WW_19.6,5000.0
22B,Available Capacity,WW_19.6,2500.0
23C,Available Capacity,WW_19.6,4110.0
Total,Available Capacity,WW_20.6,11505.0
21A,Available Capacity,WW_20.6,5000.0
22B,Available Capacity,WW_20.6,2500.0
23C,Available Capacity,WW_20.6,4005.0
Total,Available Capacity,WW_21.6,10860.0
21A,Available Capacity,WW_21.6,5000.0
22B,Available Capacity,WW_21.6,2500.0
23C,Available Capacity,WW_21.6,3360.0
Total,Available Capacity,WW_22.6,10355.0
21A,Available Capacity,WW_22.6,5000.0
22B,Available Capacity,WW_22.6,2500.0
23C,Available Capacity,WW_22.6,2855.0
Total,Available Capacity,WW_23.6,9805.0
21A,Available Capacity,WW_23.6,5000.0
22B,Available Capacity,WW_23.6,2500.0
23C,Available Capacity,WW_23.6,2305.0
Total,Available Capacity,WW_24.6,9260.0
21A,Available Capacity,WW_24.6,5000.0
22B,Available Capacity,WW_24.6,2500.0
23C,Available Capacity,WW_24.6,1760.0
Total,Available Capacity,WW_25.6,8745.0
21A,Available Capacity,WW_25.6,5000.0
22B,Available Capacity,WW_25.6,2500.0
23C,Available Capacity,WW_25.6,1245.0
Total,Available Capacity,WW_26.6,8697.0
21A,Available Capacity,WW_26.6,5000.0
22B,Available Capacity,WW_26.6,2500.0
23C,Available Capacity,WW_26.6,1197.0
Total,Available Capacity,WW_27.6,8617.0
21A,Available Capacity,WW_27.6,5000.0
22B,Available Capacity,WW_27.6,2500.0
23C,Available Capacity,WW_27.6,1117.0
Total,Available Capacity,WW_28.6,8070.0
21A,Available Capacity,WW_28.6,5000.0
22B,Available Capacity,WW_28.6,2500.0
23C,Available Capacity,WW_28.6,570.0
Total,Available Capacity,WW_29.6,8000.0
21A,Available Capacity,WW_29.6,5000.0
22B,Available Capacity,WW_29.6,2500.0
23C,Available Capacity,WW_29.6,500.0
Total,Available Capacity,WW_30.6,8000.0
21A,Available Capacity,WW_30.6,5000.0
22B,Available Capacity,WW_30.6,2500.0
23C,Available Capacity,WW_30.6,500.0
Total,Available Capacity,WW_31.6,8000.0
21A,Available Capacity,WW_31.6,5000.0
22B,Available Capacity,WW_31.6,2500.0
23C,Available Capacity,WW_31.6,500.0
Total,Available Capacity,WW_32.6,8000.0
21A,Available Capacity,WW_32.6,5000.0
22B,Available Capacity,WW_32.6,2500.0
23C,Available Capacity,WW_32.6,500.0
Total,Available Capacity,WW_33.6,8000.0
21A,Available Capacity,WW_33.6,5000.0
22B,Available Capacity,WW_33.6,2500.0
23C,Available Capacity,WW_33.6,500.0
Total,Available Capacity,WW_34.6,8000.0
21A,Available Capacity,WW_34.6,5000.0
22B,Available Capacity,WW_34.6,2500.0
23C,Available Capacity,WW_34.6,500.0
Total,Available Capacity,WW_35.6,8000.0
21A,Available Capacity,WW_35.6,5000.0
22B,Available Capacity,WW_35.6,2500.0
23C,Available Capacity,WW_35.6,500.0
Total,Available Capacity,WW_36.6,12700.0
21A,Available Capacity,WW_36.6,5000.0
22B,Available Capacity,WW_36.6,4000.0
23C,Available Capacity,WW_36.6,3700.0
Total,Available Capacity,WW_37.6,12700.0
21A,Available Capacity,WW_37.6,5000.0
22B,Available Capacity,WW_37.6,4000.0
23C,Available Capacity,WW_37.6,3700.0
Total,Available Capacity,WW_38.6,12700.0
21A,Available Capacity,WW_38.6,5000.0
22B,Available Capacity,WW_38.6,4000.0
23C,Available Capacity,WW_38.6,3700.0
Total,Available Capacity,WW_39.6,12700.0
21A,Available Capacity,WW_39.6,5000.0
22B,Available Capacity,WW_39.6,4000.0
23C,Available Capacity,WW_39.6,3700.0
Total,Available Capacity,WW_40.6,12700.0
21A,Available Capacity,WW_40.6,5000.0
22B,Available Capacity,WW_40.6,4000.0
23C,Available Capacity,WW_40.6,3700.0
Total,Available Capacity,WW_41.6,12700.0
21A,Available Capacity,WW_41.6,5000.0
22B,Available Capacity,WW_41.6,4000.0
23C,Available Capacity,WW_41.6,3700.0
Total,Available Capacity,WW_42.6,12700.0
21A,Available Capacity,WW_42.6,5000.0
22B,Available Capacity,WW_42.6,4000.0
23C,Available Capacity,WW_42.6,3700.0
Total,Available Capacity,WW_43.6,12700.0
21A,Available Capacity,WW_43.6,5000.0
22B,Available Capacity,WW_43.6,4000.0
23C,Available Capacity,WW_43.6,3700.0
Total,Available Capacity,WW_44.6,12700.0
21A,Available Capacity,WW_44.6,5000.0
22B,Available Capacity,WW_44.6,4000.0
23C,Available Capacity,WW_44.6,3700.0
Total,Available Capacity,WW_45.6,12700.0
21A,Available Capacity,WW_45.6,5000.0
22B,Available Capacity,WW_45.6,4000.0
23C,Available Capacity,WW_45.6,3700.0
Total,Available Capacity,WW_46.6,12700.0
21A,Available Capacity,WW_46.6,5000.0
22B,Available Capacity,WW_46.6,4000.0
23C,Available Capacity,WW_46.6,3700.0
Total,Available Capacity,WW_47.6,12700.0
21A,Available Capacity,WW_47.6,5000.0
22B,Available Capacity,WW_47.6,4000.0
23C,Available Capacity,WW_47.6,3700.0
Total,Available Capacity,WW_48.6,12700.0
21A,Available Capacity,WW_48.6,5000.0
22B,Available Capacity,WW_48.6,4000.0
23C,Available Capacity,WW_48.6,3700.0
Total,Available Capacity,WW_49.6,12500.0
21A,Available Capacity,WW_49.6,5000.0
22B,Available Capacity,WW_49.6,4000.0
23C,Available Capacity,WW_49.6,3500.0
Total,Available Capacity,WW_50.6,12500.0
21A,Available Capacity,WW_50.6,5000.0
22B,Available Capacity,WW_50.6,4000.0
23C,Available Capacity,WW_50.6,3500.0
Total,Available Capacity,WW_51.6,12500.0
21A,Available Capacity,WW_51.6,5000.0
22B,Available Capacity,WW_51.6,4000.0
23C,Available Capacity,WW_51.6,3500.0
Total,Available Capacity,WW_52.6,12500.0
21A,Available Capacity,WW_52.6,5000.0
22B,Available Capacity,WW_52.6,4000.0
23C,Available Capacity,WW_52.6,3500.0
Total,Available Capacity,WW_01.6,12500.0
21A,Available Capacity,WW_01.6,5000.0
22B,Available Capacity,WW_01.6,4000.0
23C,Available Capacity,WW_01.6,3500.0
Total,Available Capacity,WW_02.6,12500.0
21A,Available Capacity,WW_02.6,5000.0
22B,Available Capacity,WW_02.6,4000.0
23C,Available Capacity,WW_02.6,3500.0
Total,Available Capacity,WW_03.6,12500.0
21A,Available Capacity,WW_03.6,5000.0
22B,Available Capacity,WW_03.6,4000.0
23C,Available Capacity,WW_03.6,3500.0
Total,Available Capacity,WW_04.6,12500.0
21A,Available Capacity,WW_04.6,5000.0
22B,Available Capacity,WW_04.6,4000.0
23C,Available Capacity,WW_04.6,3500.0
Total,Available Capacity,WW_05.6,12500.0
21A,Available Capacity,WW_05.6,5000.0
22B,Available Capacity,WW_05.6,4000.0
23C,Available Capacity,WW_05.6,3500.0
Total,Available Capacity,WW_06.6,12500.0
21A,Available Capacity,WW_06.6,5000.0
22B,Available Capacity,WW_06.6,4000.0
23C,Available Capacity,WW_06.6,3500.0
Total,Available Capacity,WW_07.6,12500.0
21A,Available Capacity,WW_07.6,5000.0
22B,Available Capacity,WW_07.6,4000.0
23C,Available Capacity,WW_07.6,3500.0
Total,Available Capacity,WW_08.6,12500.0
21A,Available Capacity,WW_08.6,5000.0
22B,Available Capacity,WW_08.6,4000.0
23C,Available Capacity,WW_08.6,3500.0
Total,Available Capacity,WW_09.7,12500.0
21A,Available Capacity,WW_09.7,5000.0
22B,Available Capacity,WW_09.7,4000.0
23C,Available Capacity,WW_09.7,3500.0
Total,Available Capacity,WW_10.7,12500.0
21A,Available Capacity,WW_10.7,5000.0
22B,Available Capacity,WW_10.7,2500.0
23C,Available Capacity,WW_10.7,5000.0
Total,Available Capacity,WW_11.7,12500.0
21A,Available Capacity,WW_11.7,5000.0
22B,Available Capacity,WW_11.7,2500.0
23C,Available Capacity,WW_11.7,5000.0
Total,Available Capacity,WW_12.7,12500.0
21A,Available Capacity,WW_12.7,5000.0
22B,Available Capacity,WW_12.7,2500.0
23C,Available Capacity,WW_12.7,5000.0
Total,Available Capacity,WW_13.7,12500.0
21A,Available Capacity,WW_13.7,5000.0
22B,Available Capacity,WW_13.7,2500.0
23C,Available Capacity,WW_13.7,5000.0
Total,Available Capacity,WW_14.7,12500.0
21A,Available Capacity,WW_14.7,5000.0
22B,Available Capacity,WW_14.7,2500.0
23C,Available Capacity,WW_14.7,5000.0
Total,Available Capacity,WW_15.7,12300.0
21A,Available Capacity,WW_15.7,5000.0
22B,Available Capacity,WW_15.7,2500.0
23C,Available Capacity,WW_15.7,4800.0
Total,Available Capacity,WW_16.7,12300.0
21A,Available Capacity,WW_16.7,5000.0
22B,Available Capacity,WW_16.7,2500.0
23C,Available Capacity,WW_16.7,4800.0
Total,Available Capacity,WW_17.7,12300.0
21A,Available Capacity,WW_17.7,5000.0
22B,Available Capacity,WW_17.7,2500.0
23C,Available Capacity,WW_17.7,4800.0
Total,Available Capacity,WW_18.7,12160.0
21A,Available Capacity,WW_18.7,5000.0
22B,Available Capacity,WW_18.7,2500.0
23C,Available Capacity,WW_18.7,4660.0
Total,Available Capacity,WW_19.7,11610.0
21A,Available Capacity,WW_19.7,5000.0
22B,Available Capacity,WW_19.7,2500.0
23C,Available Capacity,WW_19.7,4110.0
Total,Available Capacity,WW_20.7,11505.0
21A,Available Capacity,WW_20.7,5000.0
22B,Available Capacity,WW_20.7,2500.0
23C,Available Capacity,WW_20.7,4005.0
Total,Available Capacity,WW_21.7,10860.0
21A,Available Capacity,WW_21.7,5000.0
22B,Available Capacity,WW_21.7,2500.0
23C,Available Capacity,WW_21.7,3360.0
Total,Available Capacity,WW_22.7,10355.0
21A,Available Capacity,WW_22.7,5000.0
22B,Available Capacity,WW_22.7,2500.0
23C,Available Capacity,WW_22.7,2855.0
Total,Available Capacity,WW_23.7,9805.0
21A,Available Capacity,WW_23.7,5000.0
22B,Available Capacity,WW_23.7,2500.0
23C,Available Capacity,WW_23.7,2305.0
Total,Available Capacity,WW_24.7,9260.0
21A,Available Capacity,WW_24.7,5000.0
22B,Available Capacity,WW_24.7,2500.0
23C,Available Capacity,WW_24.7,1760.0
Total,Available Capacity,WW_25.7,8745.0
21A,Available Capacity,WW_25.7,5000.0
22B,Available Capacity,WW_25.7,2500.0
23C,Available Capacity,WW_25.7,1245.0
Total,Available Capacity,WW_26.7,8697.0
21A,Available Capacity,WW_26.7,5000.0
22B,Available Capacity,WW_26.7,2500.0
23C,Available Capacity,WW_26.7,1197.0
Total,Available Capacity,WW_27.7,8617.0
21A,Available Capacity,WW_27.7,5000.0
22B,Available Capacity,WW_27.7,2500.0
23C,Available Capacity,WW_27.7,1117.0
Total,Available Capacity,WW_28.7,8070.0
21A,Available Capacity,WW_28.7,5000.0
22B,Available Capacity,WW_28.7,2500.0
23C,Available Capacity,WW_28.7,570.0
Total,Available Capacity,WW_29.7,8000.0
21A,Available Capacity,WW_29.7,5000.0
22B,Available Capacity,WW_29.7,2500.0
23C,Available Capacity,WW_29.7,500.0
Total,Available Capacity,WW_30.7,8000.0
21A,Available Capacity,WW_30.7,5000.0
22B,Available Capacity,WW_30.7,2500.0
23C,Available Capacity,WW_30.7,500.0
Total,Available Capacity,WW_31.7,8000.0
21A,Available Capacity,WW_31.7,5000.0
22B,Available Capacity,WW_31.7,2500.0
23C,Available Capacity,WW_31.7,500.0
Total,Available Capacity,WW_32.7,8000.0
21A,Available Capacity,WW_32.7,5000.0
22B,Available Capacity,WW_32.7,2500.0
23C,Available Capacity,WW_32.7,500.0
Total,Available Capacity,WW_33.7,8000.0
21A,Available Capacity,WW_33.7,5000.0
22B,Available Capacity,WW_33.7,2500.0
23C,Available Capacity,WW_33.7,500.0
Total,Available Capacity,WW_34.7,8000.0
21A,Available Capacity,WW_34.7,5000.0
22B,Available Capacity,WW_34.7,2500.0
23C,Available Capacity,WW_34.7,500.0
Total,Available Capacity,WW_35.7,8000.0
21A,Available Capacity,WW_35.7,5000.0
22B,Available Capacity,WW_35.7,2500.0
23C,Available Capacity,WW_35.7,500.0
Total,Available Capacity,WW_36.7,12700.0
21A,Available Capacity,WW_36.7,5000.0
22B,Available Capacity,WW_36.7,4000.0
23C,Available Capacity,WW_36.7,3700.0
Total,Available Capacity,WW_37.7,12700.0
21A,Available Capacity,WW_37.7,5000.0
22B,Available Capacity,WW_37.7,4000.0
23C,Available Capacity,WW_37.7,3700.0
Total,Available Capacity,WW_38.7,12700.0
21A,Available Capacity,WW_38.7,5000.0
22B,Available Capacity,WW_38.7,4000.0
23C,Available Capacity,WW_38.7,3700.0
Total,Available Capacity,WW_39.7,12700.0
21A,Available Capacity,WW_39.7,5000.0
22B,Available Capacity,WW_39.7,4000.0
23C,Available Capacity,WW_39.7,3700.0
Total,Available Capacity,WW_40.7,12700.0
21A,Available Capacity,WW_40.7,5000.0
22B,Available Capacity,WW_40.7,4000.0
23C,Available Capacity,WW_40.7,3700.0
Total,Available Capacity,WW_41.7,12700.0
21A,Available Capacity,WW_41.7,5000.0
22B,Available Capacity,WW_41.7,4000.0
23C,Available Capacity,WW_41.7,3700.0
Total,Available Capacity,WW_42.7,12700.0
21A,Available Capacity,WW_42.7,5000.0
22B,Available Capacity,WW_42.7,4000.0
23C,Available Capacity,WW_42.7,3700.0
Total,Available Capacity,WW_43.7,12700.0
21A,Available Capacity,WW_43.7,5000.0
22B,Available Capacity,WW_43.7,4000.0
23C,Available Capacity,WW_43.7,3700.0
Total,Available Capacity,WW_44.7,12700.0
21A,Available Capacity,WW_44.7,5000.0
22B,Available Capacity,WW_44.7,4000.0
23C,Available Capacity,WW_44.7,3700.0
Total,Available Capacity,WW_45.7,12700.0
21A,Available Capacity,WW_45.7,5000.0
22B,Available Capacity,WW_45.7,4000.0
23C,Available Capacity,WW_45.7,3700.0
Total,Available Capacity,WW_46.7,12700.0
21A,Available Capacity,WW_46.7,5000.0
22B,Available Capacity,WW_46.7,4000.0
23C,Available Capacity,WW_46.7,3700.0
Total,Available Capacity,WW_47.7,12700.0
21A,Available Capacity,WW_47.7,5000.0
22B,Available Capacity,WW_47.7,4000.0
23C,Available Capacity,WW_47.7,3700.0
Total,Available Capacity,WW_48.7,12700.0
21A,Available Capacity,WW_48.7,5000.0
22B,Available Capacity,WW_48.7,4000.0
23C,Available Capacity,WW_48.7,3700.0
Total,Available Capacity,WW_49.7,12500.0
21A,Available Capacity,WW_49.7,5000.0
22B,Available Capacity,WW_49.7,4000.0
23C,Available Capacity,WW_49.7,3500.0
Total,Available Capacity,WW_50.7,12500.0
21A,Available Capacity,WW_50.7,5000.0
22B,Available Capacity,WW_50.7,4000.0
23C,Available Capacity,WW_50.7,3500.0
Total,Available Capacity,WW_51.7,12500.0
21A,Available Capacity,WW_51.7,5000.0
22B,Available Capacity,WW_51.7,4000.0
23C,Available Capacity,WW_51.7,3500.0
Total,Available Capacity,WW_52.7,12500.0
21A,Available Capacity,WW_52.7,5000.0
22B,Available Capacity,WW_52.7,4000.0
23C,Available Capacity,WW_52.7,3500.0
Total,Available Capacity,WW_01.7,12500.0
21A,Available Capacity,WW_01.7,5000.0
22B,Available Capacity,WW_01.7,4000.0
23C,Available Capacity,WW_01.7,3500.0
Total,Available Capacity,WW_02.7,12500.0
21A,Available Capacity,WW_02.7,5000.0
22B,Available Capacity,WW_02.7,4000.0
23C,Available Capacity,WW_02.7,3500.0
Total,Available Capacity,WW_03.7,12500.0
21A,Available Capacity,WW_03.7,5000.0
22B,Available Capacity,WW_03.7,4000.0
23C,Available Capacity,WW_03.7,3500.0
Total,Available Capacity,WW_04.7,12500.0
21A,Available Capacity,WW_04.7,5000.0
22B,Available Capacity,WW_04.7,4000.0
23C,Available Capacity,WW_04.7,3500.0
Total,Available Capacity,WW_05.7,12500.0
21A,Available Capacity,WW_05.7,5000.0
22B,Available Capacity,WW_05.7,4000.0
23C,Available Capacity,WW_05.7,3500.0
Total,Available Capacity,WW_06.7,12500.0
21A,Available Capacity,WW_06.7,5000.0
22B,Available Capacity,WW_06.7,4000.0
23C,Available Capacity,WW_06.7,3500.0
Total,Available Capacity,WW_07.7,12500.0
21A,Available Capacity,WW_07.7,5000.0
22B,Available Capacity,WW_07.7,4000.0
23C,Available Capacity,WW_07.7,3500.0
Total,Available Capacity,WW_08.7,12500.0
21A,Available Capacity,WW_08.7,5000.0
22B,Available Capacity,WW_08.7,4000.0
23C,Available Capacity,WW_08.7,3500.0
Total,Available Capacity,WW_09.8,12500.0
21A,Available Capacity,WW_09.8,5000.0
22B,Available Capacity,WW_09.8,4000.0
23C,Available Capacity,WW_09.8,3500.0
Total,Available Capacity,WW_10.8,12500.0
21A,Available Capacity,WW_10.8,5000.0
22B,Available Capacity,WW_10.8,2500.0
23C,Available Capacity,WW_10.8,5000.0
Total,Available Capacity,WW_11.8,12500.0
21A,Available Capacity,WW_11.8,5000.0
22B,Available Capacity,WW_11.8,2500.0
23C,Available Capacity,WW_11.8,5000.0
Total,Available Capacity,WW_12.8,12500.0
21A,Available Capacity,WW_12.8,5000.0
22B,Available Capacity,WW_12.8,2500.0
23C,Available Capacity,WW_12.8,5000.0
Total,Available Capacity,WW_13.8,12500.0
21A,Available Capacity,WW_13.8,5000.0
22B,Available Capacity,WW_13.8,2500.0
23C,Available Capacity,WW_13.8,5000.0
Total,Available Capacity,WW_14.8,12500.0
21A,Available Capacity,WW_14.8,5000.0
22B,Available Capacity,WW_14.8,2500.0
23C,Available Capacity,WW_14.8,5000.0
Total,Available Capacity,WW_15.8,12300.0
21A,Available Capacity,WW_15.8,5000.0
22B,Available Capacity,WW_15.8,2500.0
23C,Available Capacity,WW_15.8,4800.0
Total,Available Capacity,WW_16.8,12300.0
21A,Available Capacity,WW_16.8,5000.0
22B,Available Capacity,WW_16.8,2500.0
23C,Available Capacity,WW_16.8,4800.0
Total,Available Capacity,WW_17.8,12300.0
21A,Available Capacity,WW_17.8,5000.0
22B,Available Capacity,WW_17.8,2500.0
23C,Available Capacity,WW_17.8,4800.0
Total,Available Capacity,WW_18.8,12160.0
21A,Available Capacity,WW_18.8,5000.0
22B,Available Capacity,WW_18.8,2500.0
23C,Available Capacity,WW_18.8,4660.0
Total,Available Capacity,WW_19.8,11610.0
21A,Available Capacity,WW_19.8,5000.0
22B,Available Capacity,WW_19.8,2500.0
23C,Available Capacity,WW_19.8,4110.0
Total,Available Capacity,WW_20.8,11505.0
21A,Available Capacity,WW_20.8,5000.0
22B,Available Capacity,WW_20.8,2500.0
23C,Available Capacity,WW_20.8,4005.0
Total,Available Capacity,WW_21.8,10860.0
21A,Available Capacity,WW_21.8,5000.0
22B,Available Capacity,WW_21.8,2500.0
23C,Available Capacity,WW_21.8,3360.0
Total,Available Capacity,WW_22.8,10355.0
21A,Available Capacity,WW_22.8,5000.0
22B,Available Capacity,WW_22.8,2500.0
23C,Available Capacity,WW_22.8,2855.0
Total,Available Capacity,WW_23.8,9805.0
21A,Available Capacity,WW_23.8,5000.0
22B,Available Capacity,WW_23.8,2500.0
23C,Available Capacity,WW_23.8,2305.0
Total,Available Capacity,WW_24.8,9260.0
21A,Available Capacity,WW_24.8,5000.0
22B,Available Capacity,WW_24.8,2500.0
23C,Available Capacity,WW_24.8,1760.0
Total,Available Capacity,WW_25.8,8745.0
21A,Available Capacity,WW_25.8,5000.0
22B,Available Capacity,WW_25.8,2500.0
23C,Available Capacity,WW_25.8,1245.0
Total,Available Capacity,WW_26.8,8697.0
21A,Available Capacity,WW_26.8,5000.0
22B,Available Capacity,WW_26.8,2500.0
23C,Available Capacity,WW_26.8,1197.0
Total,Available Capacity,WW_27.8,8617.0
21A,Available Capacity,WW_27.8,5000.0
22B,Available Capacity,WW_27.8,2500.0
23C,Available Capacity,WW_27.8,1117.0
Total,Available Capacity,WW_28.8,8070.0
21A,Available Capacity,WW_28.8,5000.0
22B,Available Capacity,WW_28.8,2500.0
23C,Available Capacity,WW_28.8,570.0
Total,Available Capacity,WW_29.8,8000.0
21A,Available Capacity,WW_29.8,5000.0
22B,Available Capacity,WW_29.8,2500.0
23C,Available Capacity,WW_29.8,500.0
Total,Available Capacity,WW_30.8,8000.0
21A,Available Capacity,WW_30.8,5000.0
22B,Available Capacity,WW_30.8,2500.0
23C,Available Capacity,WW_30.8,500.0
Total,Available Capacity,WW_31.8,8000.0
21A,Available Capacity,WW_31.8,5000.0
22B,Available Capacity,WW_31.8,2500.0
23C,Available Capacity,WW_31.8,500.0
Total,Available Capacity,WW_32.8,8000.0
21A,Available Capacity,WW_32.8,5000.0
22B,Available Capacity,WW_32.8,2500.0
23C,Available Capacity,WW_32.8,500.0
Total,Available Capacity,WW_33.8,8000.0
21A,Available Capacity,WW_33.8,5000.0
22B,Available Capacity,WW_33.8,2500.0
23C,Available Capacity,WW_33.8,500.0
Total,Available Capacity,WW_34.8,8000.0
21A,Available Capacity,WW_34.8,5000.0
22B,Available Capacity,WW_34.8,2500.0
23C,Available Capacity,WW_34.8,500.0
Total,Available Capacity,WW_35.8,8000.0
21A,Available Capacity,WW_35.8,5000.0
22B,Available Capacity,WW_35.8,2500.0
23C,Available Capacity,WW_35.8,500.0
